product_description,product_category,product_type,product_description
Hyper Front,game,game,Hyper Front
Doku,emoney,etoll,Doku
Free Fire Powered by Google Play,game,game,Free Fire Powered by Google Play
Razer PIN,game,game,Razer PIN
Axis Paket Internet,data,data,Axis Paket Internet
Smartfren Paket Internet,data,data,Smartfren Paket Internet
Point Blank,game,game,Point Blank
Kanmo Group,voucher,voucher,Kanmo Group
WEBTOON Powered by Google Play,voucher,game,WEBTOON Powered by Google Play
Playwith ,game,game,Playwith 
XL,bicara,pulsa,XL
AU2 Mobile,game,game,AU2 Mobile
iTunes US REGION,game,game,iTunes US REGION
Garena,game,game,Garena
Idle Legends : GOD SAGA,game,game,Idle Legends : GOD SAGA
OVO,emoney,etoll,OVO
Three,bicara,pulsa,Three
Free Fire,game,game,Free Fire
MAXIM,emoney,etoll,MAXIM
Bleach Mobile 3D,game,game,Bleach Mobile 3D
State of Survival Powered by Google Play,game,game,State of Survival Powered by Google Play
Heaven Saga,game,game,Heaven Saga
Legacy of Discord – Furious Wings,game,game,Legacy of Discord – Furious Wings
by.U,pulsa,pulsa,by.U
Genflix,streaming,game,Genflix
TIX ID,etoll,etoll,TIX ID
Vidio,streaming,game,Vidio
Chaos Crisis Diamonds,game,game,Chaos Crisis Diamonds
Ragnarok M,game,game,Ragnarok M
Be The King,game,game,Be The King
Tom and Jerry : Chase,game,game,Tom and Jerry : Chase
SUPER SUS,game,game,SUPER SUS
Call of Duty Mobile Powered by Google Play,game,game,Call of Duty Mobile Powered by Google Play
Playstation,game,game,Playstation
Celcom,international,malaysia,Celcom
Heroes Evolved,game,game,Heroes Evolved
AXIS,pulsa,pulsa,AXIS
Steam Sea,game,game,Steam Sea
Genshin Impact,game,game,Genshin Impact
LifeAfter,game,game,LifeAfter
Mola TV Subscription Package,streaming,game,Mola TV Subscription Package
Starpass,game,game,Starpass
Mirage:Perfect Skyline,game,game,Mirage:Perfect Skyline
Indosat,pulsa,pulsa,Indosat
Megaxus,game,game,Megaxus
Thailand Topup,international,thailand,Thailand Topup
Call of Duty Mobile,game,game,Call of Duty Mobile
Nintendo eShop,game,game,Nintendo eShop
E-Meterai,emeterai,emeterai,E-Meterai
DANA,emoney,etoll,DANA
Alfamart Voucher,voucher,voucher,Alfamart Voucher
M1,international,singapore,M1
Roblox,game,game,Roblox
GLOBE,international,philipines,GLOBE
Singtel,international,singapore,Singtel
Nepal,international,nepal,Nepal
Ragnarok Mobile Eternal Love Powered by Google Play,game,game,Ragnarok Mobile Eternal Love Powered by Google Play
Grab Gifts,voucher,voucher,Grab Gifts
Black Desert Mobile Powered by Google Play,game,game,Black Desert Mobile Powered by Google Play
Digi,international,malaysia,Digi
8 Ball Pool Powered by Google Play,game,game,8 Ball Pool Powered by Google Play
Indosat,bicara,pulsa,Indosat
IMVU,streaming,game,IMVU
MU Origin 3,game,game,MU Origin 3
PUBG Mobile,game,game,PUBG Mobile
PUBG Mobile Powered by Google Play,game,game,PUBG Mobile Powered by Google Play
SUN TELECOM,international,philipines,SUN TELECOM
Eudemons Online,game,game,Eudemons Online
Among Us Powered by Google Play,game,game,Among Us Powered by Google Play
League of Legends Wild Rift,game,game,League of Legends Wild Rift
Skyegrid,game,game,Skyegrid
Ludo Club,game,game,Ludo Club
MU Origin 2,game,game,MU Origin 2
Snail Games,game,game,Snail Games
XOX,international,malaysia,XOX
IF TAIWAN TOPUP,taiwan,taiwan,IF TAIWAN TOPUP
Lords Mobile,game,game,Lords Mobile
GoPay E-Money,emoney,etoll,GoPay E-Money
Twitch Gift Cards,streaming,game,Twitch Gift Cards
OK TAIWAN TOPUP,taiwan,taiwan,OK TAIWAN TOPUP
Umobile,international,malaysia,Umobile
LinkAja,emoney,etoll,LinkAja
Google Play Indonesia,game,game,Google Play Indonesia
-,indonesia,indonesia,-
Xbox Live (US),game,game,Xbox Live (US)
Zalora,voucher,voucher,Zalora
Conquer Online,game,game,Conquer Online
Three,pulsa,pulsa,Three
Starhub,international,singapore,Starhub
Indomaret Card E-Money,emoney,etoll,Indomaret Card E-Money
Sushiroll,game,game,Sushiroll
Saint Seiya,game,game,Saint Seiya
Vidio Powered by Google Play,streaming,game,Vidio Powered by Google Play
Shopee Pay,emoney,etoll,Shopee Pay
Transmart Carrefour,voucher,voucher,Transmart Carrefour
Dynasty Warriors: Overlords,game,game,Dynasty Warriors: Overlords
Telkomsel,pulsa,pulsa,Telkomsel
netflix,game,game,netflix
RIOT CASH,game,game,RIOT CASH
JOOX,streaming,game,JOOX
DANA,etoll,etoll,DANA
Clash of Clans Powered by Google Play,game,game,Clash of Clans Powered by Google Play
MangaToon,voucher,game,MangaToon
Singtel,singapore,singapore,Singtel
Tunetalk,international,malaysia,Tunetalk
China Topup,international,china,China Topup
Mobile Legend,game,game,Mobile Legend
Telkomsel,bicara,pulsa,Telkomsel
Werewolf (Party Game),game,game,Werewolf (Party Game)
-,korea,korea,-
Malaysia Topup,international,malaysia,Malaysia Topup
Mango Live,streaming,game,Mango Live
Metal Slug : Awakening,game,game,Metal Slug : Awakening
Minecraft,game,game,Minecraft
-,taiwan,taiwan,-
Revelation: Infinite Journey,game,game,Revelation: Infinite Journey
XL Paket Internet,data,data,XL Paket Internet
Never After,game,game,Never After
Light of Thel: Glory of Cepheus,game,game,Light of Thel: Glory of Cepheus
EA Play,game,game,EA Play
Miko Era: Twelve Myths,game,game,Miko Era: Twelve Myths
Love Nikki,game,game,Love Nikki
Lords Mobile Powered by Google Play,game,game,Lords Mobile Powered by Google Play
Smart,pulsa,pulsa,Smart
Bangladesh Topup,international,bangladesh,Bangladesh Topup
Indomaret Voucher,voucher,voucher,Indomaret Voucher
Era of Celestials,game,game,Era of Celestials
Pokemon Go Powered by Google Play,game,game,Pokemon Go Powered by Google Play
Xixi Games,pulsa,pulsa,Xixi Games
Google Play US REGION,game,game,Google Play US REGION
Lokapala,game,game,Lokapala
Tokopedia,voucher,voucher,Tokopedia
We TV,streaming,game,We TV
Viu,streaming,game,Viu
Traveloka Voucher,voucher,voucher,Traveloka Voucher
Lyto,game,game,Lyto
Matahari,voucher,voucher,Matahari
Speed Drifters,game,game,Speed Drifters
Maxis,international,malaysia,Maxis
Sausage Man,game,game,Sausage Man
Mobile Legend Powered by Google Play,game,game,Mobile Legend Powered by Google Play
CHUNGHWA,taiwan,taiwan,CHUNGHWA
Tri Paket Internet,data,data,Tri Paket Internet
Laplace M,game,game,Laplace M
Genshin Impact Powered by Google Play,game,game,Genshin Impact Powered by Google Play
Arena of Valor,game,game,Arena of Valor
League of Legends Wild Rift Powered By Google Play,game,game,League of Legends Wild Rift Powered By Google Play
MAP e-Gift Voucher,voucher,voucher,MAP e-Gift Voucher
Marvel Super War,game,game,Marvel Super War
MLIVE,streaming,game,MLIVE
Bigo Live Gift Card,streaming,game,Bigo Live Gift Card
One Punch Man : The Strongest,game,game,One Punch Man : The Strongest
Bigo Live Diamonds,streaming,game,Bigo Live Diamonds
Amazon Gift Card (USD),voucher,voucher,Amazon Gift Card (USD)
Rise of Kingdoms Powered by Google Play,game,game,Rise of Kingdoms Powered by Google Play
Spotify,streaming,game,Spotify
Wifi ID,voucher,game,Wifi ID
Indosat Paket Internet,data,data,Indosat Paket Internet
PLN,pln,pln,PLN
LuLu Hypermarket ID,voucher,voucher,LuLu Hypermarket ID
Vietnam Topup 2,international,vietnam,Vietnam Topup 2
Telkomsel Paket Internet,bicara,data,Telkomsel Paket Internet
XL,pulsa,pulsa,XL
Omega Legends,game,game,Omega Legends
Scroll of Onmyoji: Sakura & Sword Gioks,game,game,Scroll of Onmyoji: Sakura & Sword Gioks
Telkomsel Paket Internet,data,data,Telkomsel Paket Internet
Mandiri E-Toll,emoney,etoll,Mandiri E-Toll
SMART,international,philipines,SMART
Sugar Live,streaming,game,Sugar Live
TapCash BNI,emoney,etoll,TapCash BNI
One Punch Man Powered by Google Play,game,game,One Punch Man Powered by Google Play
Karma Koin,game,game,Karma Koin
Srilanka,international,srilanka,Srilanka
